{"train_loss": [407.158638715744, 202.34427100419998, 153.46303471922874, 127.1816286444664, 111.0605560541153, 100.71330380439758, 88.25225353240967, 82.34654584527016, 75.64806906878948, 71.50035037100315, 67.3462365269661, 61.01539592444897, 57.233934476971626, 56.666151627898216, 51.94776499271393, 48.833508275449276, 48.20615182816982, 44.454520188272, 41.378169886767864, 39.29429056495428, 40.158251628279686, 36.46892561018467, 35.3959903717041, 34.38024400919676, 32.065389174968004, 28.994299057871103, 30.36465561389923, 27.918475426733494, 28.040099516510963, 25.774757653474808, 25.61493793874979, 22.067132133990526, 22.791984751820564, 23.1449094414711, 23.50039952993393, 20.426890533417463, 20.713083691895008, 19.49721586331725, 17.92972033843398, 17.165811121463776, 15.50384483858943, 14.988753961399198, 15.734335415065289, 14.542814517393708, 14.783772990107536, 13.798807844519615, 12.151047749910504, 12.948709273710847, 13.845869763754308, 9.688553265295923], "val_accuracy": [64.63493232667342, 75.21222723506123, 81.14169965933155, 83.70499953963723, 83.45087929288279, 85.71218119878465, 85.52067028818709, 88.69717337261763, 87.17245189209096, 90.4944296105331, 90.45760058926435, 90.55703894668999, 91.69505570389467, 91.05423073381824, 92.82754810790904, 91.50906914648743, 93.46284872479514, 94.57324371604824, 94.60823128625357, 93.5678114354111, 94.50695147776447, 94.46275665224196, 95.86962526470859, 94.03185710339747, 95.1385691925237, 95.41110394991253, 95.39268943927816, 94.96731424362397, 95.04833809041524, 96.83638707301354, 96.45520670288187, 97.02421508148421, 96.88610625172636, 96.62277874965473, 96.38523156247123, 95.93407605192893, 97.30043274099991, 97.26176226866771, 97.50483380904153, 98.18617070251358, 96.79403369855446, 97.01316637510358, 97.21204308995489, 95.60261486051009, 97.57480894945216, 98.39241322161864, 98.39425467268207, 98.16039038762545, 98.15854893656201, 98.51763189393242]}